date,regime,strategy,mean_IS,std_IS,cvar_95,is_99th_pct,is_sharpe,forced_liquidation_rate
2024-01-15,calm bull,TWAP,-0.43576090669703127,0.0021268471569111445,-0.439696646019049,-0.43969743130495414,-204.88584936272952,0.0
2024-01-15,calm bull,Heuristic,-0.43657894067631453,0.0021206848920043097,-0.43970408317399023,-0.43970442183687863,-205.86694503066832,0.0
2024-01-15,calm bull,AC Optimal,-0.43344448987773154,0.0025974483780679203,-0.43908191416721043,-0.439122267988815,-166.8731809456886,0.0
2024-01-15,calm bull,Adaptive AC,-0.4342413346468559,0.004898642633719372,-0.44203342340067775,-0.442039749616559,-88.64523466016296,0.0
2024-01-15,calm bull,RL Agent,-0.525171819128946,0.006230889583912126,-0.5367544846669287,-0.5367650094750497,-84.28520576843395,0.0
2024-03-05,BTC breakout,TWAP,-0.43586630319796205,0.008250714029984889,-0.45473062327352165,-0.45474136151893435,-52.827706345312485,0.0
2024-03-05,BTC breakout,Heuristic,-0.4722297794367627,0.05053361844668819,-0.548636311337553,-0.5486380173866027,-9.344863736612647,0.0
2024-03-05,BTC breakout,AC Optimal,-0.42375814958932245,0.0022335991017373553,-0.4287888865471706,-0.42884029949695307,-189.71986973299042,0.0
2024-03-05,BTC breakout,Adaptive AC,-0.4313795979238254,0.0034093378525896427,-0.4360550631101876,-0.436055415806649,-126.52884633984756,0.0
2024-03-05,BTC breakout,RL Agent,-0.5582223450458431,0.005277549006368121,-0.5653236891662479,-0.5653425327519581,-105.77302717510818,0.0
2024-06-10,quiet consolidation,TWAP,-0.4425915279820818,0.001390255898595306,-0.44537243351180855,-0.44537334895624997,-318.3525396971994,0.0
2024-06-10,quiet consolidation,Heuristic,-0.4441849507977813,0.00028805035904714757,-0.4448604904192686,-0.44486168829391304,-1542.0386840108383,0.0
2024-06-10,quiet consolidation,AC Optimal,-0.4370830874368808,0.0010138069639185647,-0.44011923006675396,-0.4401236456720122,-431.13044186875976,0.0
2024-06-10,quiet consolidation,Adaptive AC,-0.44075113448633785,0.002983556284965628,-0.4493697191928179,-0.44937164412006175,-147.72676551625335,0.0
2024-06-10,quiet consolidation,RL Agent,-0.5523072574873867,0.0025713504671174437,-0.5594784775245264,-0.5594868509437652,-214.79267142734983,0.0
2024-08-05,crash - Yen unwind,TWAP,-0.4994434496546021,0.003506986666247728,-0.5032184531690256,-0.5032200857683592,-142.41383927119222,0.0
2024-08-05,crash - Yen unwind,Heuristic,-0.5004460633207097,0.002613936965222079,-0.5036001692815796,-0.5036007298980557,-191.4529886656594,0.0
2024-08-05,crash - Yen unwind,AC Optimal,-0.5010152741364733,0.0020708988134391978,-0.5034738158458024,-0.5034740194552257,-241.93130378557382,0.0
2024-08-05,crash - Yen unwind,Adaptive AC,-0.4958485304129177,0.0031318135342232136,-0.5011436957882196,-0.5011477617977748,-158.32632088783387,0.0
2024-08-05,crash - Yen unwind,RL Agent,-0.5842637359280191,0.004322398376409009,-0.5895953601365687,-0.5895962283121268,-135.1711877368182,0.0
2024-11-06,post-election surge,TWAP,-0.46998915970301863,0.004381024738213845,-0.478815809162192,-0.47881952462762545,-107.27835998634384,0.0
2024-11-06,post-election surge,Heuristic,-0.4729531778213396,0.0039285805050260705,-0.4795503106752187,-0.47955159400426745,-120.38780042243809,0.0
2024-11-06,post-election surge,AC Optimal,-0.45664785909278904,0.002379994851630304,-0.46511869154817614,-0.4652736566619103,-191.86925534442156,0.0
2024-11-06,post-election surge,Adaptive AC,-0.46046807515250504,0.0024118508395480735,-0.46836645853430037,-0.4684797272787869,-190.918960870271,0.0
2024-11-06,post-election surge,RL Agent,-0.5770928728318744,0.001482912437645075,-0.5796739948106631,-0.5796746093288462,-389.16177332233036,0.0
2024-04-15,BTC correction,TWAP,-0.4435893561193109,0.0023882242362075327,-0.448977183552377,-0.4489773312953623,-185.74023779680792,0.0
2024-04-15,BTC correction,Heuristic,-0.4440088651979468,0.002807536241747285,-0.44929578811760995,-0.44929606537988054,-158.1489288653751,0.0
2024-04-15,BTC correction,AC Optimal,-0.44403615337447827,0.001495854249445151,-0.44690548862923685,-0.4469228060894853,-296.84451132503784,0.0
2024-04-15,BTC correction,Adaptive AC,-0.4468534682759246,0.0032161997155764946,-0.45240184881235657,-0.45240303421531586,-138.93834148977692,0.0
2024-04-15,BTC correction,RL Agent,-0.5637827336428335,0.003650946451967783,-0.5690022634054199,-0.569008235407484,-154.42097703100214,0.0
2024-07-10,mid-summer sideways,TWAP,-0.4513476414742824,0.00019599456398208164,-0.45159710116368534,-0.451597184154307,-2302.8567834660325,0.0
2024-07-10,mid-summer sideways,Heuristic,-0.4507543182400325,0.0003847267968780142,-0.45177079564438016,-0.45177176091078924,-1171.621536985894,0.0
2024-07-10,mid-summer sideways,AC Optimal,-0.440922619287875,0.003484812270100152,-0.44682011619926243,-0.4468212337889628,-126.52693243143047,0.0
2024-07-10,mid-summer sideways,Adaptive AC,-0.44057271710533535,0.006702585168560588,-0.45024568205446003,-0.45024704189734815,-65.73175863526917,0.0
2024-07-10,mid-summer sideways,RL Agent,-0.5238126276782925,0.009149606464271844,-0.5411477398755327,-0.5411489169099276,-57.2497433631431,0.0
2024-12-10,December bull run,TWAP,-0.44138233110175584,0.004204979765028965,-0.45039205958013234,-0.4503943472344464,-104.96657422132877,0.0
2024-12-10,December bull run,Heuristic,-0.44251139039215537,0.004502731095017515,-0.45072042842713,-0.4507243143400732,-98.27621752811164,0.0
2024-12-10,December bull run,AC Optimal,-0.42500776865427936,0.0010880077614518937,-0.4263136612182483,-0.4263142475460403,-390.6293177763689,0.0
2024-12-10,December bull run,Adaptive AC,-0.42639680773705935,0.0019689587409927054,-0.4292353798116595,-0.42923660915743084,-216.559533322738,0.0
2024-12-10,December bull run,RL Agent,-0.5274989022155676,0.0031048580370769815,-0.5318639157313556,-0.531869467926848,-169.89468726972916,0.0
