Step,Price,twap_remaining,twap_cost,heuristic_remaining,heuristic_cost,optimal_remaining,optimal_cost,adaptiveoptimal_remaining,adaptiveoptimal_cost
1,100.194817,990000.000000,-15780.271109,991247.220402,-11695.266950,992848.505206,-7734.656736,992900.908149,-7610.931653
2,100.239262,980000.000000,-31726.345949,982080.406136,-25015.993859,985747.995389,-15369.726305,986137.459623,-14483.968944
3,100.179028,970000.000000,-48061.623734,972720.727613,-39276.771525,978698.105920,-23109.007794,979684.885950,-20837.371087
4,100.090865,960000.000000,-65098.491112,963115.814775,-54997.340122,971698.474774,-31181.461273,973316.814551,-27391.596452
5,100.115729,950000.000000,-81551.009979,952997.274749,-71835.131865,964748.742502,-38880.372368,967253.851476,-32907.304059
6,100.081546,940000.000000,-98327.450507,942377.008902,-90716.202443,957848.552222,-46698.982557,961452.516610,-38072.889890
7,100.225556,930000.000000,-114417.043808,932390.526426,-106751.525464,950997.549593,-53804.810886,955311.889682,-43545.989224
8,100.302261,920000.000000,-129753.854117,922191.663497,-122696.454355,944195.382800,-60208.493306,949315.116573,-48158.000156
9,100.341571,910000.000000,-144928.122121,911497.934304,-140406.120549,937441.702537,-66451.624041,943564.353711,-52207.893889
10,100.287775,900000.000000,-161417.669127,900574.501667,-160540.182617,930736.161989,-73485.232128,938041.514480,-56559.455887
11,100.296757,890000.000000,-178006.223016,889294.339167,-182324.112019,924078.416809,-80482.786703,932827.050870,-60352.106210
12,100.402725,880000.000000,-194105.589318,878206.110573,-202750.549437,917468.125109,-86848.773314,927482.481660,-64172.399700
13,100.261829,870000.000000,-211556.344590,867819.424904,-221803.624912,910904.947436,-93993.283522,921781.801219,-69413.818848
14,100.247927,860000.000000,-228743.810784,856762.485699,-243340.481181,904388.546755,-100856.632408,916328.841868,-73944.744340
15,100.369557,850000.000000,-244433.519590,845984.787119,-261974.085680,897918.588434,-106612.952741,910662.436947,-78019.210537
16,100.536327,840000.000000,-259502.392583,836428.496612,-275701.934163,891494.740228,-111827.653446,904575.445527,-82549.183375
17,100.595352,830000.000000,-273603.372334,826469.678079,-289704.542930,885116.672257,-116361.780863,898702.024157,-86115.863225
18,100.653267,820000.000000,-287164.831865,816139.864820,-304530.410230,878784.056994,-120449.269892,893035.882000,-88970.466217
19,100.829308,810000.000000,-298884.151251,806598.974050,-315073.868487,872496.569244,-123265.282691,886780.024960,-91690.995360
20,101.039389,800000.000000,-308623.163389,798121.308739,-321155.140370,866253.886130,-124743.610871,879820.008729,-94138.535720
21,100.973723,790000.000000,-319235.866697,789344.872701,-328727.483545,860055.687079,-126699.433709,873183.606744,-96705.662757
22,101.001051,780000.000000,-330759.520685,780063.271459,-338287.116338,853901.653797,-129016.752347,866891.806054,-99188.583818
23,100.900667,770000.000000,-344187.290334,770736.574762,-349348.685973,847791.470262,-132204.936537,860728.586534,-102421.244423
24,100.771428,760000.000000,-359252.177339,761628.776736,-361330.423482,841724.822702,-136359.794351,854537.695873,-106751.079569
25,101.021395,750000.000000,-371404.578163,753762.725467,-367596.557912,835701.399581,-138654.516804,847335.496226,-111021.924398
26,100.958590,740000.000000,-384064.591604,745753.695185,-374614.451906,829720.891584,-141195.114969,840575.636978,-114743.853141
27,101.021493,730000.000000,-396347.438381,737279.479047,-382484.488173,823782.991598,-143396.707888,834085.505618,-117750.607797
28,101.238946,720000.000000,-406853.808393,729364.400849,-387497.269985,817887.394698,-144507.167642,826977.246597,-120479.153568
29,101.023590,710000.000000,-420094.200312,721822.678888,-393636.750169,812033.798133,-147038.626448,819411.454260,-126314.879273
30,101.048881,700000.000000,-433447.412380,713920.326021,-400774.718249,806221.901307,-149544.717982,812331.597072,-130970.829382
31,101.051858,690000.000000,-446568.427985,705458.827693,-409199.833684,800451.405767,-151861.056382,805632.860635,-134636.231110
32,101.052860,680000.000000,-459854.704870,696357.884198,-419383.501654,794722.015184,-154186.180725,799265.533089,-137883.277443
33,101.045686,670000.000000,-473806.715791,686723.669331,-431931.352687,789033.435342,-156747.990895,793245.629872,-140920.750181
34,100.939614,660000.000000,-488394.965611,677151.450219,-444855.896286,783385.374120,-159633.410046,787375.600481,-144150.895026
35,100.956354,650000.000000,-503766.477746,667197.454349,-459972.946838,777777.541477,-162735.285572,781851.823220,-147105.521366
36,100.990788,640000.000000,-519045.949538,656853.547221,-476429.178088,772209.649439,-165691.904790,776614.353300,-149521.155933
37,100.997130,630000.000000,-534869.202892,645672.607248,-496005.482414,766681.412081,-168823.664747,771578.880038,-151846.425725
38,101.027339,620000.000000,-550329.407126,634013.988992,-516123.437874,761192.545517,-171675.014268,766781.391318,-153587.876050
39,101.111731,610000.000000,-564989.928646,622484.890928,-534966.530602,755742.767881,-173973.339054,762095.006338,-154728.431597
40,101.261272,600000.000000,-577962.968675,611853.073851,-550088.266505,750331.799315,-175311.693017,757158.392366,-155399.769361
41,101.245633,590000.000000,-591265.202003,601013.894859,-566267.641947,744959.361954,-176734.461193,752531.243318,-155785.815101
42,101.196005,580000.000000,-605473.443890,589819.125063,-583921.627771,739625.179911,-178581.840652,748080.562050,-156449.918500
43,101.131097,570000.000000,-620723.051986,578515.808552,-602825.549501,734328.979263,-180918.883495,743772.574461,-157430.914631
44,101.096212,560000.000000,-635958.881261,566887.534668,-622490.156740,729070.488040,-183181.098737,739660.850406,-158312.089803
45,101.224882,550000.000000,-649360.460992,555887.042622,-639133.497376,723849.436206,-184442.037296,735350.157969,-158636.429752
46,101.214139,540000.000000,-662644.913525,544517.244187,-657077.729769,718665.555649,-185561.746311,731269.530931,-158815.284299
47,101.337582,530000.000000,-674781.375104,533609.010639,-672285.226623,713518.580164,-186078.388876,727015.898107,-158619.770928
48,101.215346,520000.000000,-687744.016583,523339.454245,-686197.493369,708408.245443,-186985.196332,722682.130336,-158882.627881
49,101.331135,510000.000000,-699229.469697,513351.982124,-697622.448596,703334.289060,-187027.297587,718285.038392,-158564.279752
50,101.331993,500000.000000,-711625.365155,502834.447407,-711819.831463,698296.450454,-187507.804385,714101.567239,-158454.816916
51,101.214705,490000.000000,-725353.980893,492398.023156,-727120.827642,693294.470923,-188592.141251,709780.030283,-158915.453789
52,101.259464,480000.000000,-738288.806436,481613.221635,-742858.480275,688328.093602,-189217.239853,705636.907481,-159024.314585
53,101.374077,470000.000000,-751043.882262,471200.860590,-757018.031798,683397.063458,-189689.876137,701423.355948,-158901.160667
54,101.370143,460000.000000,-763457.460805,460311.424700,-772516.244102,678501.127272,-189925.030454,697422.766523,-158575.865222
55,101.498091,450000.000000,-775243.623821,449900.974110,-785663.653650,673640.033625,-189811.702173,693252.108788,-157991.676458
56,101.608104,440000.000000,-786010.112047,439785.325275,-796804.742178,668813.532891,-189137.412580,689055.329631,-156977.100410
57,101.651915,430000.000000,-796393.842436,429394.517507,-808451.688628,664021.377217,-188192.095080,685048.334713,-155681.284888
58,101.610800,420000.000000,-807284.428699,418620.306674,-821873.931290,659263.320516,-187438.493720,681201.688330,-154559.945088
59,101.618657,410000.000000,-818715.662936,407368.717114,-836578.796514,654539.118451,-186870.089416,677540.013794,-153517.263620
60,101.558508,400000.000000,-830439.048549,395834.261330,-852190.024740,649848.528423,-186372.647422,673955.940589,-152577.756280
61,101.678115,390000.000000,-841064.251628,385066.561909,-865325.772354,645191.309561,-185289.926592,670242.466072,-151224.933266
62,101.747764,380000.000000,-851217.088204,374282.605223,-877996.110288,640567.222707,-183957.813926,666618.623796,-149677.358133
63,101.732177,370000.000000,-861325.305477,362996.169761,-891463.745591,635976.030401,-182529.421497,663154.172356,-148095.950616
64,101.795449,360000.000000,-870747.922983,351352.565707,-904477.474672,631417.496878,-180777.529382,659729.309206,-146303.683263
65,101.708672,350000.000000,-880974.614929,339756.248155,-918356.388247,626891.388046,-179346.238658,656272.252221,-144778.545626
66,101.711784,340000.000000,-890659.978424,327677.037613,-932182.330281,622397.471479,-177799.521623,652974.585578,-143188.841934
67,101.713893,330000.000000,-899558.236078,315348.915869,-946153.124543,617935.516405,-176032.613286,649848.927842,-141444.754199
68,101.800566,320000.000000,-908531.776303,303662.287899,-959460.078608,613505.293692,-174203.484367,646714.309331,-139681.726762
69,101.741142,310000.000000,-918460.287523,291884.779915,-973132.342169,609106.575839,-172754.222508,643633.902500,-138179.151043
70,101.723399,300000.000000,-929678.792637,279623.863403,-988741.398981,604739.136962,-171690.657210,640671.225563,-136960.301248
71,101.700711,290000.000000,-941015.745562,267136.709614,-1004706.543609,600402.752783,-170578.299627,637832.808646,-135677.828129
72,101.755137,280000.000000,-952856.356764,254465.888979,-1021423.671202,596097.200618,-169660.449322,635022.612767,-134442.828148
73,101.725378,270000.000000,-965462.056799,241543.195079,-1038810.977580,591822.259370,-168759.524057,632305.766663,-133138.220353
74,101.855296,260000.000000,-976883.655909,230403.759921,-1052318.618771,587577.709508,-167361.295714,629309.095875,-131544.441769
75,101.823610,250000.000000,-988851.063007,218993.762077,-1066607.137574,583363.333068,-166133.443176,626423.928239,-130078.786587
76,101.806630,240000.000000,-1000553.101894,207287.311442,-1081217.922212,579178.913630,-164752.565921,623660.430951,-128551.961703
77,101.775597,230000.000000,-1013147.505137,195283.954232,-1097133.188339,575024.236317,-163714.814755,620983.287262,-127253.940475
78,101.806138,220000.000000,-1025085.445511,182813.140049,-1112991.622894,570899.087775,-162358.317461,618371.091788,-125785.281490
79,101.843413,210000.000000,-1036042.307809,170199.446030,-1128867.315368,566803.256169,-160804.545913,615825.507750,-124202.397680
80,101.876497,200000.000000,-1046486.864122,157463.105298,-1144534.504721,562736.531170,-159052.587113,613350.978839,-122476.843054
81,101.827110,190000.000000,-1057764.795713,144420.511904,-1161524.580198,558698.703942,-157614.601642,610879.144795,-120963.356925
82,101.940110,180000.000000,-1067946.704537,132872.409314,-1175336.567368,554689.567133,-155724.985431,608184.329037,-119139.785341
83,101.945904,170000.000000,-1077977.826479,121024.265137,-1189433.325194,550708.914865,-153771.923267,605603.895677,-117246.971417
84,101.949307,160000.000000,-1087805.537972,108780.206884,-1203886.952460,546756.542724,-151759.608746,603119.845797,-115328.129341
85,101.962575,150000.000000,-1097510.869556,96189.917204,-1218624.899255,542832.247746,-149686.502157,600720.514719,-113369.180699
86,101.824894,140000.000000,-1108640.849049,85783.081168,-1231303.102565,538935.828409,-148171.734232,597967.977140,-111755.162412
87,101.801609,130000.000000,-1120091.260739,74557.242834,-1246336.271881,535067.084625,-146750.981321,595272.498610,-110201.697530
88,101.704648,120000.000000,-1132516.987575,64257.183791,-1260017.960623,531225.817723,-145713.759532,592506.065985,-108932.077475
89,101.663654,110000.000000,-1145366.375288,53619.416793,-1275263.762032,527411.830448,-144839.536678,589808.777193,-107765.878334
90,101.649350,100000.000000,-1159460.390655,42597.163764,-1292538.148396,523624.926942,-144205.928358,587217.177763,-106744.458102
91,101.598717,90000.000000,-1174739.933482,31463.700119,-1310944.924976,519864.912738,-143882.315332,584665.976421,-105900.481764
92,101.641088,80000.000000,-1189969.336373,20175.752054,-1329221.558831,516131.594753,-143330.007291,582172.246540,-104944.930794
93,101.569885,70000.000000,-1204926.319034,8918.511036,-1347643.222985,512424.781272,-142864.986968,579635.965950,-104072.176951
94,101.625460,60000.000000,-1219312.226359,0.000000,-1358662.672917,508744.281942,-142188.631713,577132.933187,-103051.445812
95,101.665710,50000.000000,-1233087.336071,0.000000,-1358662.672917,505089.907760,-141340.394401,574705.789476,-101910.263089
96,101.744545,40000.000000,-1245827.148653,0.000000,-1358662.672917,501461.471067,-140186.503333,572217.725321,-100559.788323
97,101.622817,30000.000000,-1259509.407650,0.000000,-1358662.672917,497858.785535,-139411.225576,569515.982395,-99495.285021
98,101.600087,20000.000000,-1273113.216867,0.000000,-1358662.672917,494281.666158,-138694.742194,566926.451948,-98462.185861
99,101.593982,10000.000000,-1287479.165988,0.000000,-1358662.672917,490729.929241,-138144.358686,564440.564229,-97515.193818
100,101.642745,0.000000,-1301248.271248,0.000000,-1358662.672917,487203.392397,-137400.533584,562002.711691,-96419.279088
101,101.680789,0.000000,-1301248.271248,0.000000,-1358662.672917,483701.874530,-136538.012156,559612.075673,-95262.996686
102,101.729992,0.000000,-1301248.271248,0.000000,-1358662.672917,480225.195828,-135502.902231,557227.930761,-93997.320201
103,101.808332,0.000000,-1301248.271248,0.000000,-1358662.672917,476773.177756,-134108.466551,554788.595417,-92462.158879
104,101.783841,0.000000,-1301248.271248,0.000000,-1358662.672917,473345.643047,-132815.064329,552430.922290,-90987.276863
105,101.766549,0.000000,-1301248.271248,0.000000,-1358662.672917,469942.415687,-131764.330673,550145.142738,-89708.149376
106,101.685963,0.000000,-1301248.271248,0.000000,-1358662.672917,466563.320915,-130861.479892,547798.302580,-88497.181090
107,101.680699,0.000000,-1301248.271248,0.000000,-1358662.672917,463208.185205,-130055.047221,545527.102599,-87378.450190
108,101.686949,0.000000,-1301248.271248,0.000000,-1358662.672917,459876.836265,-129230.858712,543335.415176,-86227.586525
109,101.730622,0.000000,-1301248.271248,0.000000,-1358662.672917,456569.103022,-128167.694253,541187.575701,-84901.477523
110,101.685573,0.000000,-1301248.271248,0.000000,-1358662.672917,453284.815616,-127215.932262,539057.432901,-83631.712866
111,101.750334,0.000000,-1301248.271248,0.000000,-1358662.672917,450023.805393,-126195.721028,536908.471201,-82348.692078
112,101.765939,0.000000,-1301248.271248,0.000000,-1358662.672917,446785.904892,-125109.682088,534815.058606,-81018.526307
113,101.807493,0.000000,-1301248.271248,0.000000,-1358662.672917,443570.947839,-123804.209556,532742.879418,-79550.732649
114,101.888541,0.000000,-1301248.271248,0.000000,-1358662.672917,440378.769140,-122213.898191,530574.411479,-77869.587706
115,101.823843,0.000000,-1301248.271248,0.000000,-1358662.672917,437209.204869,-120885.919215,528379.592040,-76376.134243
116,101.816012,0.000000,-1301248.271248,0.000000,-1358662.672917,434062.092262,-119557.041819,526243.561535,-74880.673329
117,101.819873,0.000000,-1301248.271248,0.000000,-1358662.672917,430937.269707,-118165.655247,524162.177204,-73325.015004
118,101.903593,0.000000,-1301248.271248,0.000000,-1358662.672917,427834.576739,-116514.418636,521990.286344,-71581.641332
119,101.987951,0.000000,-1301248.271248,0.000000,-1358662.672917,424753.854026,-114679.880186,519728.967869,-69705.800771
120,102.020184,0.000000,-1301248.271248,0.000000,-1358662.672917,421694.943368,-112809.734813,517531.756762,-67827.986162
121,101.984556,0.000000,-1301248.271248,0.000000,-1358662.672917,418657.687681,-111111.507760,515383.095694,-66073.308337
122,101.995764,0.000000,-1301248.271248,0.000000,-1358662.672917,415641.930997,-109239.034163,513316.472614,-64179.268230
123,101.981334,0.000000,-1301248.271248,0.000000,-1358662.672917,412647.518449,-107392.149434,511292.017314,-62307.117393
124,101.941896,0.000000,-1301248.271248,0.000000,-1358662.672917,409674.296268,-105638.971775,509298.904739,-60497.426915
125,101.907977,0.000000,-1301248.271248,0.000000,-1358662.672917,406722.111772,-104111.462598,507323.587709,-58855.802358
126,101.870691,0.000000,-1301248.271248,0.000000,-1358662.672917,403790.813360,-102716.805034,505366.604867,-57291.400813
127,101.839527,0.000000,-1301248.271248,0.000000,-1358662.672917,400880.250503,-101389.358077,503445.128599,-55757.145483
128,101.874683,0.000000,-1301248.271248,0.000000,-1358662.672917,397990.273738,-99997.901304,501540.454741,-54178.754881
129,101.875409,0.000000,-1301248.271248,0.000000,-1358662.672917,395120.734657,-98649.965659,499681.149300,-52637.521411
130,101.879966,0.000000,-1301248.271248,0.000000,-1358662.672917,392271.485903,-97310.408779,497860.218890,-51108.548683
131,101.867230,0.000000,-1301248.271248,0.000000,-1358662.672917,389442.381162,-95963.119896,496061.833193,-49564.241014
132,101.797049,0.000000,-1301248.271248,0.000000,-1358662.672917,386633.275152,-94757.214860,494196.414208,-48105.847616
133,101.796380,0.000000,-1301248.271248,0.000000,-1358662.672917,383844.023620,-93524.236078,492373.269284,-46658.274840
134,101.752349,0.000000,-1301248.271248,0.000000,-1358662.672917,381074.483331,-92353.352155,490549.380287,-45248.144479
135,101.788085,0.000000,-1301248.271248,0.000000,-1358662.672917,378324.512063,-91115.876730,488734.025107,-43795.576579
136,101.807088,0.000000,-1301248.271248,0.000000,-1358662.672917,375593.968599,-89813.238133,486950.376537,-42285.813546
137,101.844990,0.000000,-1301248.271248,0.000000,-1358662.672917,372882.712720,-88368.131090,485174.895765,-40676.397334
138,101.800115,0.000000,-1301248.271248,0.000000,-1358662.672917,370190.605197,-87040.085482,483399.712287,-39155.586698
139,101.770874,0.000000,-1301248.271248,0.000000,-1358662.672917,367517.507783,-85814.659581,481638.047286,-37711.036374
140,101.708871,0.000000,-1301248.271248,0.000000,-1358662.672917,364863.283210,-84754.894417,479836.269206,-36367.775185
141,101.689855,0.000000,-1301248.271248,0.000000,-1358662.672917,362227.795177,-83687.357080,478066.639474,-34991.232610
142,101.671507,0.000000,-1301248.271248,0.000000,-1358662.672917,359610.908345,-82678.800864,476323.725249,-33672.761883
143,101.681716,0.000000,-1301248.271248,0.000000,-1358662.672917,357012.488333,-81645.819557,474608.537223,-32339.404420
144,101.668180,0.000000,-1301248.271248,0.000000,-1358662.672917,354432.401705,-80582.665465,472913.155841,-30955.801178
145,101.662507,0.000000,-1301248.271248,0.000000,-1358662.672917,351870.515969,-79569.042789,471243.240906,-29616.514624
146,101.661116,0.000000,-1301248.271248,0.000000,-1358662.672917,349326.699564,-78560.966182,469598.960751,-28294.009122
147,101.687427,0.000000,-1301248.271248,0.000000,-1358662.672917,346800.821862,-77482.859613,467969.294762,-26918.818180
148,101.692927,0.000000,-1301248.271248,0.000000,-1358662.672917,344292.753153,-76346.488297,466352.432588,-25485.634312
149,101.693869,0.000000,-1301248.271248,0.000000,-1358662.672917,341802.364641,-75169.435463,464755.076345,-24009.323263
150,101.723925,0.000000,-1301248.271248,0.000000,-1358662.672917,339329.528440,-73969.898520,463155.546799,-22544.153129
151,101.763423,0.000000,-1301248.271248,0.000000,-1358662.672917,336874.117564,-72656.276476,461546.586818,-20998.882522
152,101.744364,0.000000,-1301248.271248,0.000000,-1358662.672917,334436.005922,-71410.797667,459945.436573,-19499.186019
153,101.744086,0.000000,-1301248.271248,0.000000,-1358662.672917,332015.068312,-70165.347684,458361.225564,-17989.865578
154,101.853726,0.000000,-1301248.271248,0.000000,-1358662.672917,329611.180413,-68683.157003,456563.519952,-16336.184435
155,101.859307,0.000000,-1301248.271248,0.000000,-1358662.672917,327224.218780,-67132.339159,454808.541020,-14638.753660
156,101.771459,0.000000,-1301248.271248,0.000000,-1358662.672917,324854.060838,-65789.691750,452951.151090,-13098.405424
157,101.801620,0.000000,-1301248.271248,0.000000,-1358662.672917,322500.584874,-64542.860196,451135.616556,-11647.570113
158,101.900251,0.000000,-1301248.271248,0.000000,-1358662.672917,320163.670031,-63007.005768,449193.283847,-9964.423667
159,101.920539,0.000000,-1301248.271248,0.000000,-1358662.672917,317843.196304,-61458.858444,447300.585576,-8279.193180
160,101.909698,0.000000,-1301248.271248,0.000000,-1358662.672917,315539.044531,-59913.049615,445456.032748,-6589.918816
161,101.950025,0.000000,-1301248.271248,0.000000,-1358662.672917,313251.096389,-58307.528314,443628.775406,-4861.925032
162,101.994146,0.000000,-1301248.271248,0.000000,-1358662.672917,310979.234386,-56608.107708,441808.372544,-3054.890324
163,101.993817,0.000000,-1301248.271248,0.000000,-1358662.672917,308723.341858,-54946.405917,440036.775395,-1295.635713
164,102.006680,0.000000,-1301248.271248,0.000000,-1358662.672917,306483.302959,-53162.012364,438304.370384,572.115179
165,102.012413,0.000000,-1301248.271248,0.000000,-1358662.672917,304259.002659,-51286.809551,436604.273103,2518.790930
166,102.015400,0.000000,-1301248.271248,0.000000,-1358662.672917,302050.326734,-49469.069993,434934.762609,4417.403920
167,102.026290,0.000000,-1301248.271248,0.000000,-1358662.672917,299857.161765,-47644.891799,433296.912184,6315.994185
168,102.034768,0.000000,-1301248.271248,0.000000,-1358662.672917,297679.395127,-45777.117500,431684.992908,8250.253111
169,102.018697,0.000000,-1301248.271248,0.000000,-1358662.672917,295516.914987,-43901.417172,430089.165564,10189.475705
170,102.027894,0.000000,-1301248.271248,0.000000,-1358662.672917,293369.610297,-42081.401221,428515.868045,12087.255327
171,102.022287,0.000000,-1301248.271248,0.000000,-1358662.672917,291237.370789,-40248.343888,426965.624939,13998.132656
172,101.998867,0.000000,-1301248.271248,0.000000,-1358662.672917,289120.086966,-38458.543760,425424.701661,15868.074357
173,101.989351,0.000000,-1301248.271248,0.000000,-1358662.672917,287017.650102,-36829.038551,423898.113325,17595.071983
174,101.991829,0.000000,-1301248.271248,0.000000,-1358662.672917,284929.952232,-35220.590743,422388.111686,19298.938128
175,102.029240,0.000000,-1301248.271248,0.000000,-1358662.672917,282856.886148,-33536.458744,420865.147047,21058.191833
176,102.060973,0.000000,-1301248.271248,0.000000,-1358662.672917,280798.345393,-31740.055421,419338.488682,22919.525688
177,102.016223,0.000000,-1301248.271248,0.000000,-1358662.672917,278754.224257,-30085.423464,417797.459342,24658.398653
178,102.002550,0.000000,-1301248.271248,0.000000,-1358662.672917,276724.417770,-28424.172562,416267.058488,26406.032076
179,101.971833,0.000000,-1301248.271248,0.000000,-1358662.672917,274708.821696,-26823.770523,414742.282148,28109.493186
180,101.945965,0.000000,-1301248.271248,0.000000,-1358662.672917,272707.332531,-25238.492427,413220.939040,29803.200721
181,101.932451,0.000000,-1301248.271248,0.000000,-1358662.672917,270719.847493,-23707.729588,411714.907056,31449.672419
182,102.011656,0.000000,-1301248.271248,0.000000,-1358662.672917,268746.264520,-21896.838021,410121.630450,33354.361442
183,101.987008,0.000000,-1301248.271248,0.000000,-1358662.672917,266786.482265,-20057.552074,408535.452612,35295.609242
184,102.015990,0.000000,-1301248.271248,0.000000,-1358662.672917,264840.400089,-18189.488929,406958.429030,37254.001373
185,101.960832,0.000000,-1301248.271248,0.000000,-1358662.672917,262907.918055,-16505.220768,405359.668058,39054.077801
186,101.998068,0.000000,-1301248.271248,0.000000,-1358662.672917,260988.936927,-14776.735895,403767.991512,40891.424112
187,102.011182,0.000000,-1301248.271248,0.000000,-1358662.672917,259083.358161,-13080.595473,402195.352522,42692.254048
188,102.037784,0.000000,-1301248.271248,0.000000,-1358662.672917,257191.083900,-11420.261806,400630.880910,44451.924987
189,102.057722,0.000000,-1301248.271248,0.000000,-1358662.672917,255312.016973,-9657.825289,399075.548851,46302.761763
190,102.045071,0.000000,-1301248.271248,0.000000,-1358662.672917,253446.060886,-7984.261671,397535.029182,48073.901966
191,102.070651,0.000000,-1301248.271248,0.000000,-1358662.672917,251593.119816,-6223.116177,396006.491909,49919.926021
192,102.041918,0.000000,-1301248.271248,0.000000,-1358662.672917,249753.098612,-4518.459905,394480.378561,51720.190267
193,102.061700,0.000000,-1301248.271248,0.000000,-1358662.672917,247925.902785,-2838.452210,392968.572033,53494.541445
194,102.078568,0.000000,-1301248.271248,0.000000,-1358662.672917,246111.438503,-1116.360710,391462.766670,55310.278004
195,102.036042,0.000000,-1301248.271248,0.000000,-1358662.672917,244309.612591,513.475055,389947.165035,57050.379092
196,102.049553,0.000000,-1301248.271248,0.000000,-1358662.672917,242520.332519,2122.959869,388450.728005,58752.952582
197,101.992488,0.000000,-1301248.271248,0.000000,-1358662.672917,240743.506406,3661.480763,386921.099967,60403.090346
198,101.974110,0.000000,-1301248.271248,0.000000,-1358662.672917,238979.043006,5198.916947,385408.294313,62054.216781
199,101.994976,0.000000,-1301248.271248,0.000000,-1358662.672917,237226.851711,6800.513911,383910.047275,63766.758775
200,101.993150,0.000000,-1301248.271248,0.000000,-1358662.672917,235486.842542,8394.287727,382435.045089,65470.037312
201,102.035923,0.000000,-1301248.271248,0.000000,-1358662.672917,233758.926145,9982.055171,380949.334634,67156.169935
202,101.979366,0.000000,-1301248.271248,0.000000,-1358662.672917,232043.013789,11621.793416,379434.371334,68917.500049
203,102.020506,0.000000,-1301248.271248,0.000000,-1358662.672917,230339.017356,13201.442311,377914.467022,70599.690826
204,102.045677,0.000000,-1301248.271248,0.000000,-1358662.672917,228646.849344,14950.283541,376404.223258,72459.762234
205,102.144208,0.000000,-1301248.271248,0.000000,-1358662.672917,226966.422856,16889.918261,374783.533504,74512.849620
206,102.180829,0.000000,-1301248.271248,0.000000,-1358662.672917,225297.651597,18888.779157,373174.821939,76621.710451
207,102.227666,0.000000,-1301248.271248,0.000000,-1358662.672917,223640.449874,20938.836898,371570.456771,78780.365630
208,102.295035,0.000000,-1301248.271248,0.000000,-1358662.672917,221994.732584,23064.369002,369932.446384,81026.586894
209,102.210299,0.000000,-1301248.271248,0.000000,-1358662.672917,220360.415217,25024.491299,368241.682085,83127.345010
210,102.276362,0.000000,-1301248.271248,0.000000,-1358662.672917,218737.413847,27174.827571,366530.721526,85433.689108
211,102.200675,0.000000,-1301248.271248,0.000000,-1358662.672917,217125.645128,29226.871643,364789.284316,87647.210444
212,102.239075,0.000000,-1301248.271248,0.000000,-1358662.672917,215525.026294,31343.789291,363079.222086,89918.115814
213,102.252898,0.000000,-1301248.271248,0.000000,-1358662.672917,213935.475149,33395.484165,361404.071788,92116.154372
214,102.209388,0.000000,-1301248.271248,0.000000,-1358662.672917,212356.910066,35508.201091,359746.889768,94371.222228
215,102.186820,0.000000,-1301248.271248,0.000000,-1358662.672917,210789.249982,37529.466036,358119.789099,96525.937370
216,102.168310,0.000000,-1301248.271248,0.000000,-1358662.672917,209232.414394,39520.658984,356523.726804,98644.732110
217,102.206299,0.000000,-1301248.271248,0.000000,-1358662.672917,207686.323355,41570.480303,354946.441751,100819.179588
218,102.208700,0.000000,-1301248.271248,0.000000,-1358662.672917,206150.897470,43634.579060,353400.883799,103000.818547
219,102.237139,0.000000,-1301248.271248,0.000000,-1358662.672917,204626.057892,45617.131161,351872.950112,105098.407222
220,102.213716,0.000000,-1301248.271248,0.000000,-1358662.672917,203111.726317,47636.169946,350360.060669,107230.537710
221,102.227754,0.000000,-1301248.271248,0.000000,-1358662.672917,201607.824979,49612.102477,348864.416876,109316.680498
222,102.277486,0.000000,-1301248.271248,0.000000,-1358662.672917,200114.276652,51651.611688,347357.999283,111472.007169
223,102.271981,0.000000,-1301248.271248,0.000000,-1358662.672917,198631.004637,53725.541221,345877.973770,113656.132523
224,102.263840,0.000000,-1301248.271248,0.000000,-1358662.672917,197157.932765,55722.404280,344410.539505,115761.557828
225,102.293588,0.000000,-1301248.271248,0.000000,-1358662.672917,195694.985392,57715.921061,342948.042582,117864.520301
226,102.333328,0.000000,-1301248.271248,0.000000,-1358662.672917,194242.087390,59799.605366,341484.056752,120061.832222
227,102.321332,0.000000,-1301248.271248,0.000000,-1358662.672917,192799.164151,61860.154146,340035.115514,122232.997783
228,102.294972,0.000000,-1301248.271248,0.000000,-1358662.672917,191366.141578,63953.386908,338596.801170,124435.486017
229,102.284563,0.000000,-1301248.271248,0.000000,-1358662.672917,189942.946080,66001.124263,337168.766405,126591.580779
230,102.278696,0.000000,-1301248.271248,0.000000,-1358662.672917,188529.504576,68050.012778,335750.475417,128748.046594
231,102.223588,0.000000,-1301248.271248,0.000000,-1358662.672917,187125.744480,70002.905144,334307.348295,130863.851764
232,102.222650,0.000000,-1301248.271248,0.000000,-1358662.672917,185731.593706,71934.299472,332880.507973,132947.424161
233,102.213586,0.000000,-1301248.271248,0.000000,-1358662.672917,184346.980663,73842.383156,331467.016226,135001.165537
234,102.203855,0.000000,-1301248.271248,0.000000,-1358662.672917,182971.834246,75702.823095,330065.173019,137002.666353
235,102.194055,0.000000,-1301248.271248,0.000000,-1358662.672917,181606.083840,77537.553135,328675.269735,138973.863976
236,102.211454,0.000000,-1301248.271248,0.000000,-1358662.672917,180249.659309,79388.573401,327295.113313,140960.566423
237,102.243819,0.000000,-1301248.271248,0.000000,-1358662.672917,178902.490999,81274.010348,325913.858388,142997.108216
238,102.204610,0.000000,-1301248.271248,0.000000,-1358662.672917,177564.509729,83085.318598,324523.814892,144982.882564
239,102.214799,0.000000,-1301248.271248,0.000000,-1358662.672917,176235.646792,84893.914978,323143.657078,146964.510025
240,102.218383,0.000000,-1301248.271248,0.000000,-1358662.672917,174915.833946,86695.646307,321774.214718,148936.378610
241,102.234116,0.000000,-1301248.271248,0.000000,-1358662.672917,173605.003416,88507.253023,320413.591702,150918.509842
242,102.259292,0.000000,-1301248.271248,0.000000,-1358662.672917,172303.087890,90369.369207,319055.205088,152962.953237
243,102.244219,0.000000,-1301248.271248,0.000000,-1358662.672917,171010.020509,92185.716838,317703.750941,154962.290876
244,102.296350,0.000000,-1301248.271248,0.000000,-1358662.672917,169725.734873,94029.949607,316335.754060,157028.935667
245,102.248780,0.000000,-1301248.271248,0.000000,-1358662.672917,168450.165031,95810.311205,314954.906953,159052.269650
246,102.243123,0.000000,-1301248.271248,0.000000,-1358662.672917,167183.245479,97572.483005,313582.577907,161063.406763
247,102.281887,0.000000,-1301248.271248,0.000000,-1358662.672917,165924.911158,99350.066502,312206.207394,163110.334194
248,102.278445,0.000000,-1301248.271248,0.000000,-1358662.672917,164675.097449,101121.794707,310839.075233,165150.207428
249,102.317863,0.000000,-1301248.271248,0.000000,-1358662.672917,163433.740173,102929.071393,309466.830177,167250.215207
250,102.339168,0.000000,-1301248.271248,0.000000,-1358662.672917,162200.775582,104746.164197,308098.265184,169368.976847
251,102.353992,0.000000,-1301248.271248,0.000000,-1358662.672917,160976.140361,106552.706952,306738.929823,171475.272846
252,102.307542,0.000000,-1301248.271248,0.000000,-1358662.672917,159759.771623,108301.930703,305368.521156,173547.757256
253,102.366454,0.000000,-1301248.271248,0.000000,-1358662.672917,158551.606904,110107.349743,303980.517221,175724.914289
254,102.391559,0.000000,-1301248.271248,0.000000,-1358662.672917,157351.584162,111931.706086,302602.788179,177921.565393
255,102.413075,0.000000,-1301248.271248,0.000000,-1358662.672917,156159.641773,113770.603826,301229.937659,180141.234165
256,102.417082,0.000000,-1301248.271248,0.000000,-1358662.672917,154975.718529,115597.988123,299868.943122,182342.596239
257,102.428703,0.000000,-1301248.271248,0.000000,-1358662.672917,153799.753633,117426.298503,298515.936747,184546.125752
258,102.375495,0.000000,-1301248.271248,0.000000,-1358662.672917,152631.686695,119180.619438,297148.061014,186701.430000
259,102.422858,0.000000,-1301248.271248,0.000000,-1358662.672917,151471.457733,120966.004961,295771.487506,188921.160301
260,102.405621,0.000000,-1301248.271248,0.000000,-1358662.672917,150319.007168,122716.274287,294404.887459,191097.190551
261,102.427850,0.000000,-1301248.271248,0.000000,-1358662.672917,149174.275817,124499.633272,293044.596377,193316.317370
262,102.462413,0.000000,-1301248.271248,0.000000,-1358662.672917,148037.204897,126312.344041,291683.513616,195586.041846
263,102.472085,0.000000,-1301248.271248,0.000000,-1358662.672917,146907.736016,128106.534312,290329.842258,197807.050313
264,102.473478,0.000000,-1301248.271248,0.000000,-1358662.672917,145785.811173,129918.807039,288987.774426,200073.140047
265,102.461898,0.000000,-1301248.271248,0.000000,-1358662.672917,144671.372756,131698.874202,287650.535700,202306.775301
266,102.469820,0.000000,-1301248.271248,0.000000,-1358662.672917,143564.363536,133481.717165,286324.425917,204539.224210
267,102.448739,0.000000,-1301248.271248,0.000000,-1358662.672917,142464.726664,135226.522316,285001.760159,206734.234028
268,102.440470,0.000000,-1301248.271248,0.000000,-1358662.672917,141372.405672,136946.884217,283685.494566,208902.995780
269,102.435385,0.000000,-1301248.271248,0.000000,-1358662.672917,140287.344468,138652.526752,282374.769131,211058.508398
270,102.443187,0.000000,-1301248.271248,0.000000,-1358662.672917,139209.487330,140350.235126,281068.329390,213210.935282
271,102.493371,0.000000,-1301248.271248,0.000000,-1358662.672917,138138.778908,142095.408885,279748.620760,215457.503644
272,102.536710,0.000000,-1301248.271248,0.000000,-1358662.672917,137075.164220,143868.726275,278422.997767,217763.494334
273,102.518116,0.000000,-1301248.271248,0.000000,-1358662.672917,136018.588646,145604.433695,277101.321194,220030.054864
274,102.478182,0.000000,-1301248.271248,0.000000,-1358662.672917,134968.997929,147286.550106,275771.765333,222256.559924
275,102.454833,0.000000,-1301248.271248,0.000000,-1358662.672917,133926.338169,148935.549803,274447.606736,224445.867321
276,102.507139,0.000000,-1301248.271248,0.000000,-1358662.672917,132890.555825,150621.494423,273112.956767,226713.993444
277,102.535710,0.000000,-1301248.271248,0.000000,-1358662.672917,131861.597705,152330.770564,271781.157875,229021.678581
278,102.526799,0.000000,-1301248.271248,0.000000,-1358662.672917,130839.410972,154014.623101,270460.719345,231291.151261
279,102.545887,0.000000,-1301248.271248,0.000000,-1358662.672917,129823.943133,155710.392846,269144.368839,233583.214510
280,102.548868,0.000000,-1301248.271248,0.000000,-1358662.672917,128815.142042,157405.151226,267836.725790,235873.044983
281,102.582390,0.000000,-1301248.271248,0.000000,-1358662.672917,127812.955894,159122.520793,266527.765172,238209.061389
282,102.661637,0.000000,-1301248.271248,0.000000,-1358662.672917,126817.333226,160915.919027,265184.829913,240723.303487
283,102.669298,0.000000,-1301248.271248,0.000000,-1358662.672917,125828.222910,162697.546207,263849.299023,243218.017328
284,102.686095,0.000000,-1301248.271248,0.000000,-1358662.672917,124845.574152,164481.330996,262522.306577,245720.531238
285,102.730725,0.000000,-1301248.271248,0.000000,-1358662.672917,123869.336492,166299.935483,261191.715018,248292.963328
286,102.736441,0.000000,-1301248.271248,0.000000,-1358662.672917,122899.459797,168111.109762,259869.429803,250855.126955
287,102.779456,0.000000,-1301248.271248,0.000000,-1358662.672917,121935.894263,169945.818299,258540.337868,253478.992581
288,102.754468,0.000000,-1301248.271248,0.000000,-1358662.672917,120978.590408,171742.276609,257213.571988,256061.505084
289,102.773875,0.000000,-1301248.271248,0.000000,-1358662.672917,120027.499072,173544.405775,255895.103096,258651.658258
290,102.774339,0.000000,-1301248.271248,0.000000,-1358662.672917,119082.571415,175327.349759,254586.625393,261211.536763
291,102.774788,0.000000,-1301248.271248,0.000000,-1358662.672917,118143.758912,177098.001221,253285.543641,263755.658583
292,102.786252,0.000000,-1301248.271248,0.000000,-1358662.672917,117211.013354,178868.973002,251989.998583,266305.063559
293,102.812361,0.000000,-1301248.271248,0.000000,-1358662.672917,116284.286842,180652.265036,250696.872081,268882.629823
294,102.800047,0.000000,-1301248.271248,0.000000,-1358662.672917,115363.531786,182412.549588,249407.740413,271435.856748
295,102.754207,0.000000,-1301248.271248,0.000000,-1358662.672917,114448.700904,184115.114941,248110.330686,273939.395491
296,102.784167,0.000000,-1301248.271248,0.000000,-1358662.672917,113539.747217,185830.332289,246814.657617,276472.978816
297,102.789579,0.000000,-1301248.271248,0.000000,-1358662.672917,112636.624048,187547.305554,245526.755436,279009.318465
298,102.841528,0.000000,-1301248.271248,0.000000,-1358662.672917,111739.285020,189304.932384,244228.111822,281641.355243
299,102.861007,0.000000,-1301248.271248,0.000000,-1358662.672917,110847.684052,191059.004755,242935.498637,284272.053056
300,102.828228,0.000000,-1301248.271248,0.000000,-1358662.672917,109961.775359,192772.337940,241642.607801,286859.910797
301,102.818122,0.000000,-1301248.271248,0.000000,-1358662.672917,109081.513448,194468.316485,240354.553683,289428.398706
302,102.893419,0.000000,-1301248.271248,0.000000,-1358662.672917,108206.853115,196223.881901,239038.157806,292159.121299
303,102.906651,0.000000,-1301248.271248,0.000000,-1358662.672917,107337.749443,197978.550858,237730.447171,294886.974526
304,102.888345,0.000000,-1301248.271248,0.000000,-1358662.672917,106474.157804,199704.138695,236428.506820,297575.415940
305,102.922650,0.000000,-1301248.271248,0.000000,-1358662.672917,105616.033850,201444.807778,235128.386719,300299.234529
306,102.900205,0.000000,-1301248.271248,0.000000,-1358662.672917,104763.333513,203157.519379,233831.767002,302989.626352
307,102.921738,0.000000,-1301248.271248,0.000000,-1358662.672917,103916.013006,204870.903583,232539.440830,305688.333915
308,102.881135,0.000000,-1301248.271248,0.000000,-1358662.672917,103074.028817,206539.563695,231243.401163,308342.234669
309,102.917051,0.000000,-1301248.271248,0.000000,-1358662.672917,102237.337709,208237.023885,229948.507146,311054.334485
310,102.878812,0.000000,-1301248.271248,0.000000,-1358662.672917,101405.896715,209886.717258,228651.746153,313712.115972
311,102.887258,0.000000,-1301248.271248,0.000000,-1358662.672917,100579.663139,211528.172495,227363.473042,316355.461610
312,102.901738,0.000000,-1301248.271248,0.000000,-1358662.672917,99758.594552,213169.533000,226081.753261,319000.938046
313,102.898983,0.000000,-1301248.271248,0.000000,-1358662.672917,98942.648791,214801.408120,224807.236999,321632.426670
314,102.924148,0.000000,-1301248.271248,0.000000,-1358662.672917,98131.783954,216432.942654,223534.313297,324275.755777
315,102.957560,0.000000,-1301248.271248,0.000000,-1358662.672917,97325.958403,218090.657953,222261.233656,326976.524189
316,102.918957,0.000000,-1301248.271248,0.000000,-1358662.672917,96525.130756,219713.017389,220986.838710,329639.850995
317,102.899813,0.000000,-1301248.271248,0.000000,-1358662.672917,95729.259888,221301.392873,219717.831464,332253.411044
318,102.904090,0.000000,-1301248.271248,0.000000,-1358662.672917,94938.304931,222885.357119,218453.330255,334866.022626
319,102.896258,0.000000,-1301248.271248,0.000000,-1358662.672917,94152.225266,224470.804101,217191.286369,337491.317742
320,102.883349,0.000000,-1301248.271248,0.000000,-1358662.672917,93370.980528,226030.281178,215933.108426,340082.129004
321,102.893542,0.000000,-1301248.271248,0.000000,-1358662.672917,92594.530597,227585.930058,214678.002152,342675.597775
322,102.893722,0.000000,-1301248.271248,0.000000,-1358662.672917,91822.835600,229136.308722,213425.867241,345269.530673
323,102.903660,0.000000,-1301248.271248,0.000000,-1358662.672917,91055.855910,230681.066125,212176.312995,347864.089707
324,102.903150,0.000000,-1301248.271248,0.000000,-1358662.672917,90293.552141,232210.050455,210930.096146,350441.015005
325,102.943895,0.000000,-1301248.271248,0.000000,-1358662.672917,89535.885146,233752.005968,209678.051108,353066.507414
326,102.936556,0.000000,-1301248.271248,0.000000,-1358662.672917,88782.816018,235278.155035,208430.356792,355671.869182
327,102.995543,0.000000,-1301248.271248,0.000000,-1358662.672917,88034.306084,236854.197926,207169.112923,358404.904888
328,103.005953,0.000000,-1301248.271248,0.000000,-1358662.672917,87290.316908,238415.710545,205912.506734,361119.091360
329,103.065330,0.000000,-1301248.271248,0.000000,-1358662.672917,86550.810283,240010.261329,204645.588059,363927.981472
330,103.099650,0.000000,-1301248.271248,0.000000,-1358662.672917,85815.748235,241625.851741,203378.502724,366789.717413
331,103.057499,0.000000,-1301248.271248,0.000000,-1358662.672917,85085.093016,243201.404002,202109.846783,369601.921617
332,103.077355,0.000000,-1301248.271248,0.000000,-1358662.672917,84358.807106,244776.587864,200847.311618,372415.956905
333,103.082163,0.000000,-1301248.271248,0.000000,-1358662.672917,83636.853207,246356.331368,199590.791634,375240.541679
334,103.067671,0.000000,-1301248.271248,0.000000,-1358662.672917,82919.194247,247915.755782,198339.013921,378035.062622
335,103.099937,0.000000,-1301248.271248,0.000000,-1358662.672917,82205.793372,249484.008557,197087.235627,380860.986263
336,103.153435,0.000000,-1301248.271248,0.000000,-1358662.672917,81496.613947,251080.827957,195828.894552,383768.570274
337,103.122932,0.000000,-1301248.271248,0.000000,-1358662.672917,80791.619554,252656.899166,194572.416757,386651.299184
338,103.071324,0.000000,-1301248.271248,0.000000,-1358662.672917,80090.773990,254178.650975,193310.681210,389464.593928
339,103.072331,0.000000,-1301248.271248,0.000000,-1358662.672917,79394.041265,255693.476706,192054.695458,392268.321972
340,103.099347,0.000000,-1301248.271248,0.000000,-1358662.672917,78701.385601,257218.778429,190801.118243,395101.335988
341,103.098891,0.000000,-1301248.271248,0.000000,-1358662.672917,78012.771428,258729.806244,189551.820458,397914.563920
342,103.062408,0.000000,-1301248.271248,0.000000,-1358662.672917,77328.163383,260214.718174,188302.125685,400696.682895
343,103.050785,0.000000,-1301248.271248,0.000000,-1358662.672917,76647.526312,261686.105315,187056.867322,403459.573150
344,103.045001,0.000000,-1301248.271248,0.000000,-1358662.672917,75970.825261,263137.664071,185816.266247,406191.007150
345,103.023894,0.000000,-1301248.271248,0.000000,-1358662.672917,75298.025481,264565.745081,184577.855317,408889.434216
346,103.012698,0.000000,-1301248.271248,0.000000,-1358662.672917,74629.092422,265977.020770,183342.268432,411565.459782
347,103.033037,0.000000,-1301248.271248,0.000000,-1358662.672917,73963.991733,267399.423701,182108.531765,414272.777825
348,103.060956,0.000000,-1301248.271248,0.000000,-1358662.672917,73302.689259,268826.065145,180874.578815,417003.289061
349,103.105552,0.000000,-1301248.271248,0.000000,-1358662.672917,72645.151041,270272.781404,179636.921972,419794.732794
350,103.087635,0.000000,-1301248.271248,0.000000,-1358662.672917,71991.343312,271706.981125,178400.978719,422573.794320
351,103.082932,0.000000,-1301248.271248,0.000000,-1358662.672917,71341.232500,273131.436439,177168.801577,425340.919436
352,103.095007,0.000000,-1301248.271248,0.000000,-1358662.672917,70694.785217,274558.102925,175939.589002,428120.498306
353,103.105996,0.000000,-1301248.271248,0.000000,-1358662.672917,70051.968269,275978.763808,174713.051629,430897.491249
354,103.106429,0.000000,-1301248.271248,0.000000,-1358662.672917,69412.748646,277390.235781,173489.023013,433666.064435
355,103.101498,0.000000,-1301248.271248,0.000000,-1358662.672917,68777.093521,278787.845731,172267.417865,436417.269588
356,103.093691,0.000000,-1301248.271248,0.000000,-1358662.672917,68144.970253,280175.324709,171048.365044,439157.795818
357,103.078377,0.000000,-1301248.271248,0.000000,-1358662.672917,67516.346380,281541.988449,169829.854488,441871.263771
358,103.083201,0.000000,-1301248.271248,0.000000,-1358662.672917,66891.189621,282906.226438,168613.331188,444589.890947
359,103.110049,0.000000,-1301248.271248,0.000000,-1358662.672917,66269.467874,284282.504567,167396.598726,447346.868887
360,103.113361,0.000000,-1301248.271248,0.000000,-1358662.672917,65651.149211,285656.799981,166181.487447,450110.715761
361,103.095659,0.000000,-1301248.271248,0.000000,-1358662.672917,65036.201881,287007.895042,164966.474879,452842.916167
362,103.147775,0.000000,-1301248.271248,0.000000,-1358662.672917,64424.594304,288384.606209,163745.251365,455654.540529
363,103.186245,0.000000,-1301248.271248,0.000000,-1358662.672917,63816.295073,289784.283408,162522.579840,458530.276161
364,103.203921,0.000000,-1301248.271248,0.000000,-1358662.672917,63211.272950,291186.474368,161302.632019,461419.503828
365,103.208421,0.000000,-1301248.271248,0.000000,-1358662.672917,62609.496867,292584.400938,160085.522912,464308.217838
366,103.243264,0.000000,-1301248.271248,0.000000,-1358662.672917,62010.935921,293993.515088,158867.486435,467236.730976
367,103.248800,0.000000,-1301248.271248,0.000000,-1358662.672917,61415.559374,295402.328159,157652.006386,470173.407808
368,103.250917,0.000000,-1301248.271248,0.000000,-1358662.672917,60823.336652,296802.864077,156438.464101,473103.346468
369,103.226267,0.000000,-1301248.271248,0.000000,-1358662.672917,60234.237343,298187.335838,155226.477661,476011.280087
370,103.271934,0.000000,-1301248.271248,0.000000,-1358662.672917,59648.231197,299585.079167,154011.555007,478968.476040
371,103.286682,0.000000,-1301248.271248,0.000000,-1358662.672917,59065.288120,300989.704109,152797.794422,481952.005467
372,103.292959,0.000000,-1301248.271248,0.000000,-1358662.672917,58485.378176,302392.275761,151586.560527,484939.912575
373,103.289431,0.000000,-1301248.271248,0.000000,-1358662.672917,57908.471587,303778.595241,150376.840254,487904.836703
374,103.330868,0.000000,-1301248.271248,0.000000,-1358662.672917,57334.538726,305183.107390,149164.583060,490929.129036
375,103.310416,0.000000,-1301248.271248,0.000000,-1358662.672917,56763.550121,306570.232551,147953.655981,493928.102145
376,103.296265,0.000000,-1301248.271248,0.000000,-1358662.672917,56195.476451,307944.182509,146744.427658,496909.492526
377,103.331523,0.000000,-1301248.271248,0.000000,-1358662.672917,55630.288543,309326.142636,145534.303964,499924.800494
378,103.351323,0.000000,-1301248.271248,0.000000,-1358662.672917,55067.957374,310707.728204,144325.205239,502951.373468
379,103.343948,0.000000,-1301248.271248,0.000000,-1358662.672917,54508.454067,312084.461465,143118.064601,505977.166304
380,103.335400,0.000000,-1301248.271248,0.000000,-1358662.672917,53951.749890,313450.978109,141912.615418,508991.106129
381,103.383885,0.000000,-1301248.271248,0.000000,-1358662.672917,53397.816255,314835.441673,140703.696183,512067.352244
382,103.448790,0.000000,-1301248.271248,0.000000,-1358662.672917,52846.624717,316251.531344,139488.730182,515243.431303
383,103.511912,0.000000,-1301248.271248,0.000000,-1358662.672917,52298.146970,317694.599797,138268.535176,518508.325694
384,103.524122,0.000000,-1301248.271248,0.000000,-1358662.672917,51752.354850,319136.712852,137051.482472,521778.022628
385,103.540539,0.000000,-1301248.271248,0.000000,-1358662.672917,51209.220328,320575.165313,135836.713651,525048.684749
386,103.476198,0.000000,-1301248.271248,0.000000,-1358662.672917,50668.715513,321976.841731,134617.570881,528263.431037
387,103.486617,0.000000,-1301248.271248,0.000000,-1358662.672917,50130.812649,323375.531469,133401.881132,531477.150410
388,103.504501,0.000000,-1301248.271248,0.000000,-1358662.672917,49595.484113,324783.972519,132189.365934,534719.318220
389,103.564927,0.000000,-1301248.271248,0.000000,-1358662.672917,49062.702416,326217.360322,130972.825837,538044.116608
390,103.613244,0.000000,-1301248.271248,0.000000,-1358662.672917,48532.440198,327665.138710,129756.605734,541416.185082
391,103.648603,0.000000,-1301248.271248,0.000000,-1358662.672917,48004.670228,329119.768810,128541.737789,544815.522778
392,103.634062,0.000000,-1301248.271248,0.000000,-1358662.672917,47479.365405,330560.388256,127330.674695,548187.141186
393,103.600917,0.000000,-1301248.271248,0.000000,-1358662.672917,46956.498753,331974.845472,126121.552917,551507.871776
394,103.594770,0.000000,-1301248.271248,0.000000,-1358662.672917,46436.043421,333380.899993,124915.102682,554816.479407
395,103.583684,0.000000,-1301248.271248,0.000000,-1358662.672917,45917.972683,334760.839559,123710.282647,558074.421172
396,103.584620,0.000000,-1301248.271248,0.000000,-1358662.672917,45402.259935,336135.347629,122507.857601,561327.441811
397,103.609817,0.000000,-1301248.271248,0.000000,-1358662.672917,44888.878694,337525.414702,121307.251318,564626.055652
398,103.706953,0.000000,-1301248.271248,0.000000,-1358662.672917,44377.802597,338961.895418,120094.941874,568081.343570
399,103.761746,0.000000,-1301248.271248,0.000000,-1358662.672917,43869.005398,340415.978447,118882.414306,571594.049031
400,103.672827,0.000000,-1301248.271248,0.000000,-1358662.672917,43362.460970,341817.421985,117661.937385,575017.979892
401,103.689474,0.000000,-1301248.271248,0.000000,-1358662.672917,42858.143301,343219.208821,116445.232251,578446.578291
402,103.682449,0.000000,-1301248.271248,0.000000,-1358662.672917,42356.026493,344605.509072,115232.898878,581839.781874
403,103.691129,0.000000,-1301248.271248,0.000000,-1358662.672917,41856.084761,345995.110725,114023.684701,585246.330067
404,103.602391,0.000000,-1301248.271248,0.000000,-1358662.672917,41358.292432,347339.924548,112807.782757,588576.433743
405,103.647778,0.000000,-1301248.271248,0.000000,-1358662.672917,40862.623942,348698.422322,111593.853783,591948.266254
406,103.700752,0.000000,-1301248.271248,0.000000,-1358662.672917,40369.053840,350081.134709,110381.194632,595389.771603
407,103.728054,0.000000,-1301248.271248,0.000000,-1358662.672917,39877.556778,351457.987475,109171.392525,598822.591212
408,103.680345,0.000000,-1301248.271248,0.000000,-1358662.672917,39388.107517,352808.887002,107963.253044,602200.325584
409,103.693033,0.000000,-1301248.271248,0.000000,-1358662.672917,38900.680923,354163.288354,106758.601491,605590.321035
410,103.696313,0.000000,-1301248.271248,0.000000,-1358662.672917,38415.251965,355511.159944,105557.265078,608968.118989
411,103.745253,0.000000,-1301248.271248,0.000000,-1358662.672917,37931.795716,356868.883879,104356.399875,612382.239233
412,103.720406,0.000000,-1301248.271248,0.000000,-1358662.672917,37450.287349,358211.455020,103157.426664,615766.418633
413,103.788143,0.000000,-1301248.271248,0.000000,-1358662.672917,36970.702137,359576.063324,101956.835268,619223.334957
414,103.851227,0.000000,-1301248.271248,0.000000,-1358662.672917,36493.015453,360972.542498,100755.016781,622777.142941
415,103.884363,0.000000,-1301248.271248,0.000000,-1358662.672917,36017.202767,362374.528290,99555.569329,626351.191289
416,103.845800,0.000000,-1301248.271248,0.000000,-1358662.672917,35543.239644,363753.487927,98357.262330,629876.940879
417,103.913535,0.000000,-1301248.271248,0.000000,-1358662.672917,35071.101745,365164.273450,97157.868471,633499.807898
418,103.963677,0.000000,-1301248.271248,0.000000,-1358662.672917,34600.764825,366596.043060,95960.219802,637184.110060
419,103.888157,0.000000,-1301248.271248,0.000000,-1358662.672917,34132.204731,367987.284964,94759.898593,640786.189430
420,103.857002,0.000000,-1301248.271248,0.000000,-1358662.672917,33665.397402,369347.926376,93562.213428,644314.726125
421,103.819377,0.000000,-1301248.271248,0.000000,-1358662.672917,33200.318865,370691.131021,92366.281091,647805.757032
422,103.785116,0.000000,-1301248.271248,0.000000,-1358662.672917,32736.945239,372002.584625,91172.515735,651220.877729
423,103.816352,0.000000,-1301248.271248,0.000000,-1358662.672917,32275.252728,373326.667875,89981.177513,654673.485019
424,103.834514,0.000000,-1301248.271248,0.000000,-1358662.672917,31815.217622,374653.619198,88792.554301,658137.473253
425,103.910830,0.000000,-1301248.271248,0.000000,-1358662.672917,31356.816299,376009.086039,87601.609372,661694.131794
426,104.009538,0.000000,-1301248.271248,0.000000,-1358662.672917,30900.025218,377410.361162,86405.717600,665397.540821
427,103.890226,0.000000,-1301248.271248,0.000000,-1358662.672917,30444.820921,378750.520333,85202.100178,668975.644935
428,103.911087,0.000000,-1301248.271248,0.000000,-1358662.672917,29991.180034,380096.552753,84002.608888,672568.726482
429,104.020609,0.000000,-1301248.271248,0.000000,-1358662.672917,29539.079261,381486.854112,82798.238722,676306.096915
430,104.015359,0.000000,-1301248.271248,0.000000,-1358662.672917,29088.495385,382870.344110,81599.206041,680020.723391
431,104.046748,0.000000,-1301248.271248,0.000000,-1358662.672917,28639.405268,384261.962320,80403.857534,683757.324797
432,104.072601,0.000000,-1301248.271248,0.000000,-1358662.672917,28191.785848,385660.720524,79211.894278,687514.040199
433,104.028748,0.000000,-1301248.271248,0.000000,-1358662.672917,27745.614138,387037.394269,78022.021019,691216.866389
434,104.016791,0.000000,-1301248.271248,0.000000,-1358662.672917,27300.867228,388402.228871,76834.591334,694891.754182
435,104.079969,0.000000,-1301248.271248,0.000000,-1358662.672917,26857.522278,389790.756472,75648.198823,698637.910088
436,104.056017,0.000000,-1301248.271248,0.000000,-1358662.672917,26415.556521,391169.038346,74464.126043,702360.404608
437,104.010949,0.000000,-1301248.271248,0.000000,-1358662.672917,25974.947262,392521.224999,73281.748262,706018.426932
438,104.077637,0.000000,-1301248.271248,0.000000,-1358662.672917,25535.671874,393901.517314,72099.794112,709761.343296
439,104.054417,0.000000,-1301248.271248,0.000000,-1358662.672917,25097.707800,395261.221362,70919.459571,713454.284531
440,104.064065,0.000000,-1301248.271248,0.000000,-1358662.672917,24661.032548,396625.148621,69741.224631,717162.400023
441,104.166750,0.000000,-1301248.271248,0.000000,-1358662.672917,24225.623695,398030.410930,68559.736761,721003.223563
442,104.192219,0.000000,-1301248.271248,0.000000,-1358662.672917,23791.458882,399447.714819,67380.396347,724880.234882
443,104.220289,0.000000,-1301248.271248,0.000000,-1358662.672917,23358.515814,400866.958342,66202.863635,728766.974809
444,104.283562,0.000000,-1301248.271248,0.000000,-1358662.672917,22926.772256,402311.726420,65025.879424,732731.769333
445,104.266025,0.000000,-1301248.271248,0.000000,-1358662.672917,22496.206040,403742.692933,63850.501599,736663.771040
446,104.192979,0.000000,-1301248.271248,0.000000,-1358662.672917,22066.795054,405142.998985,62674.765874,740523.063481
447,104.172105,0.000000,-1301248.271248,0.000000,-1358662.672917,21638.517246,406529.227189,61500.849985,744347.463330
448,104.279605,0.000000,-1301248.271248,0.000000,-1358662.672917,21211.350625,407957.563783,60324.444217,748305.415439
449,104.272622,0.000000,-1301248.271248,0.000000,-1358662.672917,20785.273254,409377.857445,59150.224698,752243.424899
450,104.236170,0.000000,-1301248.271248,0.000000,-1358662.672917,20360.263252,410781.114238,57977.567326,756138.542754
451,104.181799,0.000000,-1301248.271248,0.000000,-1358662.672917,19936.298795,412159.254938,56805.647455,759970.861330
452,104.244976,0.000000,-1301248.271248,0.000000,-1358662.672917,19513.358112,413558.353127,55634.334025,763868.011905
453,104.232721,0.000000,-1301248.271248,0.000000,-1358662.672917,19091.419483,414954.797269,54464.602055,767761.278533
454,104.180713,0.000000,-1301248.271248,0.000000,-1358662.672917,18670.461240,416326.262273,53295.556813,771591.436141
455,104.235909,0.000000,-1301248.271248,0.000000,-1358662.672917,18250.461767,417715.195793,52126.997589,775476.851138
456,104.315859,0.000000,-1301248.271248,0.000000,-1358662.672917,17831.399496,419132.230356,50958.343755,779449.151011
457,104.335018,0.000000,-1301248.271248,0.000000,-1358662.672917,17413.252907,420557.425660,49791.009109,783447.943860
458,104.359731,0.000000,-1301248.271248,0.000000,-1358662.672917,16996.000527,421990.012403,48624.648518,787472.131920
459,104.355402,0.000000,-1301248.271248,0.000000,-1358662.672917,16579.620930,423415.840679,47459.462825,791481.283942
460,104.335440,0.000000,-1301248.271248,0.000000,-1358662.672917,16164.092733,424824.072901,46295.358926,795445.126746
461,104.300234,0.000000,-1301248.271248,0.000000,-1358662.672917,15749.394598,426218.141010,45132.056806,799373.940650
462,104.336106,0.000000,-1301248.271248,0.000000,-1358662.672917,15335.505229,427623.639564,43969.392912,803339.899790
463,104.301113,0.000000,-1301248.271248,0.000000,-1358662.672917,14922.403373,429014.311310,42807.186500,807269.651856
464,104.308112,0.000000,-1301248.271248,0.000000,-1358662.672917,14510.067815,430405.620681,41645.730897,811205.477045
465,104.301612,0.000000,-1301248.271248,0.000000,-1358662.672917,14098.477382,431792.003905,40484.955612,815131.742077
466,104.324773,0.000000,-1301248.271248,0.000000,-1358662.672917,13687.610936,433185.687496,39324.687180,819083.347442
467,104.394162,0.000000,-1301248.271248,0.000000,-1358662.672917,13277.447380,434604.463673,38164.260898,823112.785539
468,104.509873,0.000000,-1301248.271248,0.000000,-1358662.672917,12867.965650,436065.125934,37002.453059,827272.117009
469,104.514745,0.000000,-1301248.271248,0.000000,-1358662.672917,12459.144719,437525.454096,35841.516916,831433.618814
470,104.540885,0.000000,-1301248.271248,0.000000,-1358662.672917,12050.963592,438994.725300,34681.301849,835624.001278
471,104.569564,0.000000,-1301248.271248,0.000000,-1358662.672917,11643.401310,440472.457868,33521.708844,839842.098600
472,104.593778,0.000000,-1301248.271248,0.000000,-1358662.672917,11236.436942,441961.482098,32362.705019,844095.934973
473,104.638092,0.000000,-1301248.271248,0.000000,-1358662.672917,10830.049589,443462.655057,31204.076069,848388.601720
474,104.678232,0.000000,-1301248.271248,0.000000,-1358662.672917,10424.218384,444976.243532,30045.735577,852721.050562
475,104.702516,0.000000,-1301248.271248,0.000000,-1358662.672917,10018.922486,446497.276405,28887.870445,857078.241057
476,104.726526,0.000000,-1301248.271248,0.000000,-1358662.672917,9614.141082,448026.025246,27730.471654,861460.808484
477,104.701122,0.000000,-1301248.271248,0.000000,-1358662.672917,9209.853385,449549.087415,26573.381775,865830.812161
478,104.774954,0.000000,-1301248.271248,0.000000,-1358662.672917,8806.038634,451097.479495,25416.266988,870278.149783
479,104.837745,0.000000,-1301248.271248,0.000000,-1358662.672917,8402.676094,452666.865699,24259.295741,874789.677763
480,104.911577,0.000000,-1301248.271248,0.000000,-1358662.672917,7999.745049,454264.583280,23102.410839,879386.585353
481,104.915566,0.000000,-1301248.271248,0.000000,-1358662.672917,7597.224809,455863.747667,21945.892978,883990.416864
482,104.945572,0.000000,-1301248.271248,0.000000,-1358662.672917,7195.094703,457469.141987,20789.655208,888615.048935
483,104.974006,0.000000,-1301248.271248,0.000000,-1358662.672917,6793.334082,459084.208880,19633.646642,893270.386645
484,105.015495,0.000000,-1301248.271248,0.000000,-1358662.672917,6391.922313,460715.636809,18477.804262,897975.751494
485,104.992825,0.000000,-1301248.271248,0.000000,-1358662.672917,5990.838784,462334.838901,17322.181083,902648.384167
486,105.091790,0.000000,-1301248.271248,0.000000,-1358662.672917,5590.062897,463991.751844,16166.492051,907433.159155
487,105.035726,0.000000,-1301248.271248,0.000000,-1358662.672917,5189.574073,465626.817427,15010.999122,912157.052624
488,105.057770,0.000000,-1301248.271248,0.000000,-1358662.672917,4789.351745,467268.637014,13855.713377,916902.280873
489,105.057795,0.000000,-1301248.271248,0.000000,-1358662.672917,4389.375360,468911.591861,12700.613422,921652.482299
490,105.098434,0.000000,-1301248.271248,0.000000,-1358662.672917,3989.624380,470572.078689,11545.641636,926455.031591
491,105.153509,0.000000,-1301248.271248,0.000000,-1358662.672917,3590.078276,472249.127521,10390.770793,931307.038172
492,105.238479,0.000000,-1301248.271248,0.000000,-1358662.672917,3190.716531,473958.577046,9235.950139,936254.310070
493,105.302246,0.000000,-1301248.271248,0.000000,-1358662.672917,2791.518635,475697.540143,8081.220992,941288.135897
494,105.304595,0.000000,-1301248.271248,0.000000,-1358662.672917,2392.464091,477437.135365,6926.600708,946324.665579
495,105.356193,0.000000,-1301248.271248,0.000000,-1358662.672917,1993.532405,479192.800042,5772.055743,951408.466835
496,105.390240,0.000000,-1301248.271248,0.000000,-1358662.672917,1594.703091,480959.118707,4617.573486,956523.678940
497,105.442219,0.000000,-1301248.271248,0.000000,-1358662.672917,1195.955669,482751.083364,3463.137990,961713.526357
498,105.375902,0.000000,-1301248.271248,0.000000,-1358662.672917,797.269661,484512.351256,2308.737243,966814.674736
499,105.318985,0.000000,-1301248.271248,0.000000,-1358662.672917,398.624595,486253.993237,1154.361971,971858.944446
500,105.356448,0.000000,-1301248.271248,0.000000,-1358662.672917,0.000000,488007.749655,0.000000,976938.039362
